{
    "status": "ok",
    "observations": [
		   {
		   "classification": "bird",
		   "title" : "Red-tailed Hawk",
		   "description" : "Standing in tree in middle of wooded area.",
		   "date" : "2017-06-14T18:00:03Z"
		   },
		   {
		   "classification": "amphibian",
		   "title" : "American Bullfrog",
		   "description" : "Seated in the grassy area next to the pond.",
		   "date" : "2017-06-15T11:10:23Z"
		   },
		   {
		   "classification": "reptile",
		   "title" : "Cottonmouth Snake",
		   "description" : "Laying on rocks near the pond.",
		   "date" : "2017-06-15T11:15:12Z"
		   },
			{
		   "classification": "reptile",
		   "title" : "Prairie Lizard",
		   "description" : "Laying on a sunny rock 10 meters from the south end of the pond.",
		   "date" : "2017-06-16T15:12:45Z"
		   },
			{
		   "classification": "insect",
		   "title" : "Red-spotted Purple Butterfly",
		   "description" : "Standing on flowering plant in middle of meadow.",
		   "date" : "2017-06-17T16:26:42Z"
		   },
			{
		   "classification": "insect",
		   "title" : "Milkweed Bug",
		   "description" : "Standing on flower at the edge of meadow and woods.",
		   "date" : "2017-06-17T16:45:06Z"
		   },
			{
		   "classification": "fish",
		   "title" : "Largemouth Bass",
		   "description" : "Swimming in a stream crossing the meadow.",
		   "date" : "2017-06-18T17:14:03Z"
		   },
			{
		   "classification": "plant",
		   "title" : "Poison Oak",
		   "description" : "Attached to side of a tree in the woods.",
		   "date" : "2017-06-19T10:05:32Z"
		   },
			{
		   "classification": "insect",
		   "title" : "Rosy Maple Moth",
		   "description" : "Located in wet area of woods.",
		   "date" : "2017-06-19T10:39:08Z"
		   },
			{
		   "classification": "mammal",
		   "title" : "Groundhog",
		   "description" : "Standing on rocks in grassy meadow.",
		   "date" : "2017-06-20T12:32:39Z"
		   },
			{
		   "classification": "mammal",
		   "title" : "Black Squirrel",
		   "description" : "Standing on granite slab in meadow.",
		   "date" : "2017-06-20T13:17:01Z"
		   },
            {
            "classification": "insect",
            "title" : "Rhinoceros Beetle",
            "description" : "Dueling another beetle on top of a log",
            "date" : "2017-06-14T18:00:03Z"
            },
            {
            "classification": "amphibian",
            "title" : "Fire Salamander",
            "description" : "Spotted next to a lake in Morocco",
            "date" : "2017-06-15T11:10:23Z"
            },
            {
            "classification": "reptile",
            "title" : "Komodo Dragon",
            "description" : "Spotted fighitng another Komodo Dragon.",
            "date" : "2017-06-15T11:15:12Z"
            },
             {
            "classification": "reptile",
            "title" : "Horned Lizard",
            "description" : "Squirted blood from its eye at a coyote.",
            "date" : "2017-06-16T15:12:45Z"
            },
             {
            "classification": "insect",
            "title" : "Monarch Butterfly",
            "description" : "Standing on flowering plant in middle of meadow.",
            "date" : "2017-06-17T16:26:42Z"
            },
             {
            "classification": "insect",
            "title" : "Dung Beetle",
            "description" : "Standing atop a ball of feces.",
            "date" : "2017-06-17T16:45:06Z"
            },
             {
            "classification": "fish",
            "title" : "Great White Shark",
            "description" : "Swimming near the shore of Manele Bay.",
            "date" : "2017-06-18T17:14:03Z"
            },
             {
            "classification": "plant",
            "title" : "Rafflesia",
            "description" : "Discovered by its smell of rotting meat.",
            "date" : "2017-06-19T10:05:32Z"
            },
             {
            "classification": "insect",
            "title" : "Daddy Long Legs",
            "description" : "Found in my parent's attic.",
            "date" : "2017-06-19T10:39:08Z"
            },
             {
            "classification": "mammal",
            "title" : "Golden Snub-Nosed Monkey",
            "description" : "Nesting in a tree with its babies.",
            "date" : "2017-06-20T12:32:39Z"
            },
             {
            "classification": "mammal",
            "title" : "Capybara",
            "description" : "OKAY I PULL UP, HOP OUT AT THE AFTER PARTY!!!.",
            "date" : "2017-06-20T13:17:01Z"
            }
		]
}
