{
    "status": "ok",
    "events": [
	   {
	   "sport": "basketball",
	   "matchup" : "Portland at Orlando",
	   "date" : "2017-02-23T18:00:00Z"
	   },
	   {
	   "sport": "basketball",
	   "matchup" : "Charlotte at Detroit",
	   "date" : "2017-02-23T18:30:00Z"
	   },
	   {
	   "sport": "basketball",
	   "matchup" : "Houston at New Orleans",
	   "date" : "2017-02-23T19:00:00Z"
	   },
	   {
	   "sport": "basketball",
	   "matchup" : "New York at Cleveland",
	   "date" : "2017-02-23T19:00:00Z"
	   },
	   {
	   "sport": "basketball",
	   "matchup" : "LA at Golden State",
	   "date" : "2017-02-23T21:30:00Z"
	   },
	   {
	   "sport": "basketball",
	   "matchup" : "Denver at Sacramento",
	   "date" : "2017-02-23T21:30:00Z"
	   },
	   {
	   "sport": "soccer",
	   "matchup" : "Edmonton at Washington",
	   "date" : "2017-02-23T19:30:00Z"
	   },
	   {
	   "sport": "soccer",
	   "matchup" : "Washington at Philadelphia",
	   "date" : "2017-02-23T20:00:00Z"
	   },
	   {
	   "sport": "soccer",
	   "matchup" : "Boston at Anaheim",
	   "date" : "2017-02-23T22:30:00Z"
	   },
	   {
	   "sport": "football",
	   "matchup" : "Baltimore at Cincinnati",
	   "date" : "2018-01-01T14:30:00Z"
	   },
	   {
	   "sport": "football",
	   "matchup" : "Houston at Tennessee",
	   "date" : "2018-01-01T16:30:00Z"
	   },
	   {
	   "sport": "football",
	   "matchup" : "Carolina at Tampa Bay",
	   "date" : "2018-01-01T17:30:00Z"
	   },
	   {
	   "sport": "football",
	   "matchup" : "New England at Miami",
	   "date" : "2018-01-01T14:30:00Z"
	   },
	   {
	   "sport": "baseball",
	   "matchup" : "Nationals vs Dodgers",
	   "date" : "2018-10-11T16:30:00Z"
	   },
	   {
	   "sport": "baseball",
	   "matchup" : "Cubs vs Giants",
	   "date" : "2018-10-12T14:30:00Z"
	   },
	   {
	   "sport": "baseball",
	   "matchup" : "Indians vs Blue Jays",
	   "date" : "2018-10-17T16:00:00Z"
	   },
	   {
	   "sport": "baseball",
	   "matchup" : "Cubs vs Indians",
	   "date" : "2018-10-26T14:30:00Z"
	   },
	   {
	   "sport": "hockey",
	   "matchup" : "NY Rangers at Toronto",
	   "date" : "2017-02-23T19:30:00Z"
	   },
	   {
	   "sport": "hockey",
	   "matchup" : "Calgary at Tampa Bay",
	   "date" : "2017-02-23T19:30:00Z"
	   },
	   {
	   "sport": "hockey",
	   "matchup" : "Arizon at Chicago",
	   "date" : "2017-02-23T20:30:00Z"
	   }
	]
}
